[
  {
    "response_type": "greeting",
    "user_input": ["hello", "hi", "hey"],
    "bot_response": "Hey there!",
    "required_words": []
  },
  {
    "response_type": "greeting",
    "user_input": ["see you", "goodbye", "bye"],
    "bot_response": "See you later!",
    "required_words": []
  },
  {
    "response_type": "greeting",
    "user_input": ["nice", "to", "meet", "you"],
    "bot_response": "The pleasure is all mine!",
    "required_words": ["nice", "meet", "you"]
  },
  {
    "response_type": "question",
    "user_input": ["how", "to", "exchange","products"],
    "bot_response": "just drop your product name and your contact details on our email.Our experts will get in touch with you shortly",
    "required_words": ["exchange","products"]
  },
  {
    "response_type": "question",
    "user_input": ["what", "is", "warranty","on","headphones"],
    "bot_response": "just drop your product name and your contact details on our email.Our experts will get in touch with you shortly",
    "required_words": ["warranty"]
  },
  {
    "response_type": "question",
    "user_input": [ "how", "can", "I", "get","refund"],
    "bot_response": "We don't offer refunds for free samples.",
    "required_words": ["refund", "i"]
  },
  {
    "response_type": "question",
    "user_input": [ "what", "is", "your", "return","policy"],
    "bot_response": "What can I return?\nYou may request returns for most items you buy from the sellers listed on Amazon.in. However, you can only return items explicitly identified as \"returnable\" on the product detail page and/or our policy and within the ‘return window’ period. Please refer to the Amazon.in Returns policy. to know which categories are \"non-returnable\" and the specific return windows for categories eligible for return.\n\nItems are returnable if you've received them in a condition that is -\n\nPhysically damaged\nHas missing parts or accessories\nDefective\nDifferent from its description on the product detail page on Amazon.in\nYou no longer want the item (return applicable only for eligible items)",
    "required_words": ["return"]
  },
  {
    "response_type": "question",
    "user_input": ["where", "is", "my","order"],
    "bot_response": "Go to your dashboard then click on MY ORDERS. Select the product you have ordered and then click on TRACK ORDER.",
    "required_words": ["order"]
  },
  {
    "response_type": "question",
    "user_input": ["do", "you", "have","any","discounts","deals","coupons"],
    "bot_response": "Yes!!For new users we are having 25% OFF on their first order. For our regular customers we have discounted products in DEAL OF THE DAY SECTION. Also, our SALE is coming soon till then KEEP SHOPPING. ",
    "required_words": ["discounts","deals","coupons"]
  },
  {
    "response_type": "question",
    "user_input": ["how", "are", "you"],
    "bot_response": "I'm great! Thanks for asking.",
    "required_words": ["how", "are", "you"]
  },
  {
    "response_type": "question",
    "user_input": ["where", "is", "your","store"],
    "bot_response": "We don't have any stores physically. We sell our products online on our website",
    "required_words": ["store"]
  },
  {
    "response_type": "question",
    "user_input": ["when", "are", "you","available"],
    "bot_response": "We are available 24X7 only for our customers.",
    "required_words": ["available"]
  }
]